{
  "project_info": {
    "project_number": "737338147187",
    "firebase_url": "https://myapp-a4500.firebaseio.com",
    "project_id": "myapp-a4500",
    "storage_bucket": "myapp-a4500.appspot.com"
  },
  "client": [
    {
      "client_info": {
        "mobilesdk_app_id": "1:737338147187:android:6c792e5c8d6a24c7",
        "android_client_info": {
          "package_name": "com.example.abhaygoyal.welcome"
        }
      },
      "oauth_client": [
        {
          "client_id": "737338147187-52r0ahll0ec51mpc2arf6svme8lrsdsg.apps.googleusercontent.com",
          "client_type": 3
        }
      ],
      "api_key": [
        {
          "current_key": "AIzaSyBhR_o_x_4Y3HesAQCfY-6g2VPymtx_jxg"
        }
      ],
      "services": {
        "analytics_service": {
          "status": 1
        },
        "appinvite_service": {
          "status": 1,
          "other_platform_oauth_client": []
        },
        "ads_service": {
          "status": 2
        }
      }
    }
  ],
  "configuration_version": "1"
}